9c1c1274d288,GreenRoom
9c1c1274d289,GreenRoom
9c1c1274d28a,GreenRoom
9c1c1274d28b,GreenRoom
9c1c1274d280,GreenRoom
9c1c1274d281,GreenRoom
9c1c1274d282,GreenRoom
9c1c1274d283,GreenRoom
04bd8875f450,FirstAid
04bd8875f451,FirstAid
04bd8875f452,FirstAid
04bd8875f453,FirstAid
04bd8875f440,FirstAid
04bd8875f441,FirstAid
04bd8875f442,FirstAid
04bd8875f443,FirstAid
00246c2c6278,Hackcenter
00246c2c6270,Hackcenter
00246c2c97d8,Stage C
00246c2c97d0,Stage C
00246c36cfb8,Family Camping East
00246c36cfb0,Family Camping East
04bd881e7650,Stage A
04bd881e7651,Stage A
04bd881e7652,Stage A
04bd881e7653,Stage A
04bd881e7640,Stage A
04bd886c1b10,Stage C
04bd886c1b11,Stage C
04bd886c1b12,Stage C
04bd886c1b13,Stage C
04bd886c1b00,Stage C
18647281e370,Hackcenter
18647281e371,Hackcenter
18647281e372,Hackcenter
18647281e373,Hackcenter
18647281e360,Hackcenter
18647281e361,Hackcenter
18647281e362,Hackcenter
18647281e363,Hackcenter
18647281e3b0,Workshop 3
18647281e3b1,Workshop 3
18647281e3b2,Workshop 3
18647281e3b3,Workshop 3
18647281e3a0,Workshop 3
18647281e3a1,Workshop 3
18647281e3a2,Workshop 3
18647281e3a3,Workshop 3
18647281e850,Bar
18647281e851,Bar
18647281e852,Bar
18647281e853,Bar
18647281e840,Bar
18647281e841,Bar
18647281e842,Bar
18647281e843,Bar
1864729bf470,Hackcenter
1864729bf471,Hackcenter
1864729bf472,Hackcenter
1864729bf473,Hackcenter
1864729bf460,Hackcenter
1864729bf461,Hackcenter
1864729bf462,Hackcenter
1864729bf463,Hackcenter
24dec6cc91a8,Camper Vans South
24dec6cc91a0,Camper Vans South
24dec6dd36f0,Camping C South
24dec6dd36f1,Camping C South
24dec6dd36f2,Camping C South
24dec6dd36f3,Camping C South
24dec6dd36e0,Camping C South
24dec6dd36e1,Camping C South
24dec6dd36e2,Camping C South
24dec6dd36e3,Camping C South
24dec6dd38b0,Camper Vans North
24dec6dd38b1,Camper Vans North
24dec6dd38b2,Camper Vans North
24dec6dd38b3,Camper Vans North
24dec6dd38a0,Camper Vans North
24dec6dd38a1,Camper Vans North
24dec6dd38a2,Camper Vans North
24dec6dd38a3,Camper Vans North
24dec6df2a50,Badge/Bar
24dec6df2a51,Badge/Bar
24dec6df2a52,Badge/Bar
24dec6df2a53,Badge/Bar
24dec6df2a40,Badge/Bar
24dec6df2a41,Badge/Bar
24dec6df2a42,Badge/Bar
24dec6df2a43,Badge/Bar
24dec6df6210,Camper Vans East
24dec6df6211,Camper Vans East
24dec6df6212,Camper Vans East
24dec6df6213,Camper Vans East
24dec6df6200,Camper Vans East
24dec6df6201,Camper Vans East
24dec6df6202,Camper Vans East
24dec6df6203,Camper Vans East
24dec6e04bf0,Camping C North
24dec6e04bf1,Camping C North
24dec6e04bf2,Camping C North
24dec6e04bf3,Camping C North
24dec6e04be0,Camping C North
24dec6e04be1,Camping C North
24dec6e04be2,Camping C North
24dec6e04be3,Camping C North
24dec60f4110,Quiet Camping South West
24dec60f4111,Quiet Camping South West
24dec60f4112,Quiet Camping South West
24dec60f4113,Quiet Camping South West
24dec60f4100,Quiet Camping South West
24dec60f4101,Quiet Camping South West
24dec60f4102,Quiet Camping South West
24dec60f4103,Quiet Camping South West
24dec60f4b30,Camping A North
24dec60f4b31,Camping A North
24dec60f4b32,Camping A North
24dec60f4b33,Camping A North
24dec60f4b20,Camping A North
24dec60f4b21,Camping A North
24dec60f4b22,Camping A North
24dec60f4b23,Camping A North
24dec60f5090,Family Camping East
24dec60f5091,Family Camping East
24dec60f5092,Family Camping East
24dec60f5093,Family Camping East
24dec60f5080,Family Camping East
24dec60f5081,Family Camping East
24dec60f5082,Family Camping East
24dec60f5083,Family Camping East
24dec6261990,Workshop 2
24dec6261991,Workshop 2
24dec6261992,Workshop 2
24dec6261993,Workshop 2
24dec6261980,Workshop 2
24dec6261981,Workshop 2
24dec6261982,Workshop 2
24dec6261983,Workshop 2
24dec6263710,Lounge
24dec6263711,Lounge
24dec6263712,Lounge
24dec6263713,Lounge
24dec6263700,Lounge
24dec6263701,Lounge
24dec6263702,Lounge
24dec6263703,Lounge
24dec62666b0,Lounge
24dec62666b1,Lounge
24dec62666b2,Lounge
24dec62666b3,Lounge
24dec62666a0,Lounge
40e3d6b75530,Stage C
40e3d6b75531,Stage C
40e3d6b75532,Stage C
40e3d6b75533,Stage C
40e3d6b75520,Stage C
40e3d6b75521,Stage C
40e3d6b75522,Stage C
40e3d6b75523,Stage C
40e3d6b76a90,Stage C
40e3d6b76a91,Stage C
40e3d6b76a92,Stage C
40e3d6b76a93,Stage C
40e3d6b76a80,Stage C
40e3d6b76a81,Stage C
40e3d6b76a82,Stage C
40e3d6b76a83,Stage C
6cf37fa19bf0,Stage B
6cf37fa19be0,Stage B
6cf37faccaf0,Entrance
6cf37faccaf1,Entrance
6cf37faccaf2,Entrance
6cf37faccaf3,Entrance
6cf37faccae0,Entrance
6cf37faccae1,Entrance
6cf37faccae2,Entrance
6cf37faccae3,Entrance
6cf37fb23c50,Camping B North
6cf37fb23c51,Camping B North
6cf37fb23c52,Camping B North
6cf37fb23c53,Camping B North
6cf37fb23c40,Camping B North
6cf37fb23c41,Camping B North
6cf37fb23c42,Camping B North
6cf37fb23c43,Camping B North
6cf37fb24090,Arcade
6cf37fb24091,Arcade
6cf37fb24092,Arcade
6cf37fb24093,Arcade
6cf37fb24080,Arcade
6cf37fb24081,Arcade
6cf37fb24082,Arcade
6cf37fb24083,Arcade
6cf37fb838f0,Badge
6cf37fb838f1,Badge
6cf37fb838f2,Badge
6cf37fb838f3,Badge
6cf37fb838e0,Badge
6cf37fb838e1,Badge
6cf37fb838e2,Badge
6cf37fb838e3,Badge
6cf37fb84710,InfoDesk
6cf37fb84711,InfoDesk
6cf37fb84712,InfoDesk
6cf37fb84713,InfoDesk
6cf37fb84700,InfoDesk
6cf37fb84701,InfoDesk
6cf37fb84702,InfoDesk
6cf37fb84703,InfoDesk
6cf37fb84b50,Volunteers
6cf37fb84b51,Volunteers
6cf37fb84b52,Volunteers
6cf37fb84b53,Volunteers
6cf37fb84b40,Volunteers
6cf37fb84b41,Volunteers
6cf37fb84b42,Volunteers
6cf37fb84b43,Volunteers
6cf37fba3930,Camping B South
6cf37fba3931,Camping B South
6cf37fba3932,Camping B South
6cf37fba3933,Camping B South
6cf37fba3920,Camping B South
6cf37fba3921,Camping B South
6cf37fba3922,Camping B South
6cf37fba3923,Camping B South
6cf37f1f1408,Quiet Camping North East
6cf37f1f1400,Quiet Camping North East
6cf37f561ad0,Quiet Camping North East
6cf37f561ad1,Quiet Camping North East
6cf37f561ad2,Quiet Camping North East
6cf37f561ad3,Quiet Camping North East
6cf37f561ac0,Quiet Camping North East
6cf37f561ac1,Quiet Camping North East
6cf37f561ac2,Quiet Camping North East
6cf37f561ac3,Quiet Camping North East
6cf37f561df0,Family Camping North
6cf37f561df1,Family Camping North
6cf37f561df2,Family Camping North
6cf37f561df3,Family Camping North
6cf37f561de0,Family Camping North
6cf37f561de1,Family Camping North
6cf37f561de2,Family Camping North
6cf37f561de3,Family Camping North
6cf37f5640d0,Catering
6cf37f5640d1,Catering
6cf37f5640d2,Catering
6cf37f5640d3,Catering
6cf37f5640c0,Catering
6cf37f5640c1,Catering
6cf37f5640c2,Catering
6cf37f5640c3,Catering
6cf37f5febf0,Stage A
6cf37f5febe0,Stage A
6cf37f606530,Quiet Camping South East
6cf37f606531,Quiet Camping South East
6cf37f606532,Quiet Camping South East
6cf37f606533,Quiet Camping South East
6cf37f606520,Quiet Camping South East
6cf37f606521,Quiet Camping South East
6cf37f606522,Quiet Camping South East
6cf37f606523,Quiet Camping South East
84d47eacdc90,HQ
84d47eacdc91,HQ
84d47eacdc92,HQ
84d47eacdc93,HQ
84d47eacdc80,HQ
84d47eacdc81,HQ
84d47eacdc82,HQ
84d47eacdc83,HQ
94b40f848850,Stage A
94b40f848851,Stage A
94b40f848852,Stage A
94b40f848853,Stage A
94b40f848840,Stage A
94b40f848841,Stage A
94b40f848842,Stage A
94b40f848843,Stage A
94b40f84d030,Stage A
94b40f84d031,Stage A
94b40f84d032,Stage A
94b40f84d033,Stage A
94b40f84d020,Stage A
94b40f84d021,Stage A
94b40f84d022,Stage A
94b40f84d023,Stage A
94b40f84e6f0,Stage A
94b40f84e6f1,Stage A
94b40f84e6f2,Stage A
94b40f84e6f3,Stage A
94b40f84e6e0,Stage A
94b40f84e6e1,Stage A
94b40f84e6e2,Stage A
94b40f84e6e3,Stage A
94b40f84fed0,Stage A
94b40f84fed1,Stage A
94b40f84fed2,Stage A
94b40f84fed3,Stage A
94b40f84fec0,Stage A
94b40f313d50,Quiet Camping North East
94b40f313d51,Quiet Camping North East
94b40f313d52,Quiet Camping North East
94b40f313d53,Quiet Camping North East
94b40f313d40,Quiet Camping North East
94b40f313d41,Quiet Camping North East
94b40f313d42,Quiet Camping North East
94b40f313d43,Quiet Camping North East
94b40f320bf0,Backstage
94b40f320bf1,Backstage
94b40f320bf2,Backstage
94b40f320bf3,Backstage
94b40f320be0,Backstage
94b40f320be1,Backstage
94b40f320be2,Backstage
94b40f320be3,Backstage
94b40f535590,Microsoft
94b40f535591,Microsoft
94b40f535592,Microsoft
94b40f535593,Microsoft
94b40f535580,Microsoft
94b40f535581,Microsoft
94b40f535582,Microsoft
94b40f535583,Microsoft
9c1c12b02590,Camping B North
9c1c12b02591,Camping B North
9c1c12b02592,Camping B North
9c1c12b02593,Camping B North
9c1c12b02580,Camping B North
9c1c12b02581,Camping B North
9c1c12b02582,Camping B North
9c1c12b02583,Camping B North
aca31e838810,Catering
aca31e838811,Catering
aca31e838812,Catering
aca31e838813,Catering
aca31e838800,Catering
aca31e838801,Catering
aca31e838802,Catering
aca31e838803,Catering
aca31e838990,Family Camping North East
aca31e838991,Family Camping North East
aca31e838992,Family Camping North East
aca31e838993,Family Camping North East
aca31e838980,Family Camping North East
aca31e838981,Family Camping North East
aca31e838982,Family Camping North East
aca31e838983,Family Camping North East
aca31ed94d30,Stage B
aca31ed94d31,Stage B
aca31ed94d32,Stage B
aca31ed94d33,Stage B
aca31ed94d20,Stage B
aca31ed95dd0,Stage B
aca31ed95dd1,Stage B
aca31ed95dd2,Stage B
aca31ed95dd3,Stage B
aca31ed95dc0,Stage B
aca31ed95dc1,Stage B
aca31ed95dc2,Stage B
aca31ed95dc3,Stage B
aca31ed95ed0,Stage B
aca31ed95ed1,Stage B
aca31ed95ed2,Stage B
aca31ed95ed3,Stage B
aca31ed95ec0,Stage B
aca31ed95ec1,Stage B
aca31ed95ec2,Stage B
aca31ed95ec3,Stage B
aca31ed95fd0,Stage B
aca31ed95fd1,Stage B
aca31ed95fd2,Stage B
aca31ed95fd3,Stage B
aca31ed95fc0,Stage B
aca31ed95fc1,Stage B
aca31ed95fc2,Stage B
aca31ed95fc3,Stage B
aca31eeb2bf0,Workshop 1
aca31eeb2bf1,Workshop 1
aca31eeb2bf2,Workshop 1
aca31eeb2bf3,Workshop 1
aca31eeb2be0,Workshop 1
aca31eeb2be1,Workshop 1
aca31eeb2be2,Workshop 1
aca31eeb2be3,Workshop 1
aca31eed65f0,NOC
aca31eed65f1,NOC
aca31eed65f2,NOC
aca31eed65f3,NOC
aca31eed65e0,NOC
aca31eed65e1,NOC
aca31eed65e2,NOC
aca31eed65e3,NOC
d8c7c888ef90,Kids
d8c7c888ef91,Kids
d8c7c888ef92,Kids
d8c7c888ef93,Kids
d8c7c888ef80,Kids
d8c7c888ef81,Kids
d8c7c888ef82,Kids
d8c7c888ef83,Kids
d8c7c88d96b0,Family Camping South
d8c7c88d96b1,Family Camping South
d8c7c88d96b2,Family Camping South
d8c7c88d96b3,Family Camping South
d8c7c88d96a0,Family Camping South
d8c7c88d96a1,Family Camping South
d8c7c88d96a2,Family Camping South
d8c7c88d96a3,Family Camping South
d8c7c8a49398,Camping A South
d8c7c8a49390,Camping A South
d8c7c84afc90,Sign
d8c7c84afc91,Sign
d8c7c84afc92,Sign
d8c7c84afc93,Sign
d8c7c84afc80,Sign
d8c7c84afc81,Sign
d8c7c84afc82,Sign
d8c7c84afc83,Sign
d8c7c84d7810,Camping A South
d8c7c84d7811,Camping A South
d8c7c84d7812,Camping A South
d8c7c84d7813,Camping A South
d8c7c84d7800,Camping A South
d8c7c84d7801,Camping A South
d8c7c84d7802,Camping A South
d8c7c84d7803,Camping A South
d8c7c84db0f0,Camping B South East
d8c7c84db0f1,Camping B South East
d8c7c84db0f2,Camping B South East
d8c7c84db0f3,Camping B South East
d8c7c84db0e0,Camping B South East
d8c7c84db0e1,Camping B South East
d8c7c84db0e2,Camping B South East
d8c7c84db0e3,Camping B South East
d8c7c84dd0d0,Camper Vans South
d8c7c84dd0d1,Camper Vans South
d8c7c84dd0d2,Camper Vans South
d8c7c84dd0d3,Camper Vans South
d8c7c84dd0c0,Camper Vans South
d8c7c84dd0c1,Camper Vans South
d8c7c84dd0c2,Camper Vans South
d8c7c84dd0c3,Camper Vans South
